item_id,source,lines,label,section,subsection,formal_action,target_bundle,canonical_status,formula_sha256,formula_preview,pass1_notes
M001,main.tex,50-55,eq:intro_meridional,Introduction,,DUPLICATE,Summary,duplicate,f3b08a8fd5b111c1,"u_r=-\frac{a(t)}{2}r+\frac{q}{r}, \qquad u_z=a(t)z+b(t),",Summary statement; canonical occurrence later in manuscript.
M002,main.tex,57-62,eq:intro_swirl,Introduction,,DUPLICATE,Summary,duplicate,7977b7af752002ea,"u_\theta=\frac{\Gamma}{2\pi r}P\!\left(s,\beta(t)r^2\right), \qquad s=1+\frac{q}{2\nu}.",Summary statement; canonical occurrence later in manuscript.
M003,main.tex,68-71,eq:intro_x,Introduction,,DUPLICATE,Summary,duplicate,00fc4c30b558459e,x=\beta(t)r^2,Summary statement; canonical occurrence later in manuscript.
M004,main.tex,73-77,eq:intro_Dx,Introduction,,DUPLICATE,Summary,duplicate,c9beb15f6ab98667,\frac{\mathrm D x}{\mathrm D t} =4\nu\beta(t)\big[(s-1)-x\big].,Summary statement; canonical occurrence later in manuscript.
M005,main.tex,83-86,eq:intro_beta,Introduction,,DUPLICATE,Summary,duplicate,a1cc374ca0ee0c9e,\dot\beta_i-a(t)\beta_i+4\nu\beta_i^2=0.,Summary statement; canonical occurrence later in manuscript.
M006,main.tex,94-96,,"Coordinate system, reference frame and governing equations",Physical setting and notation,DEFINE,Foundations,canonical,dd0905ea09310e56,\nu=\frac{\mu}{\rho}>0.,
M007,main.tex,98-100,,"Coordinate system, reference frame and governing equations",Physical setting and notation,DEFINE,Foundations,canonical,77f774d0246c9bab,\bm u=u_r\bm e_r+u_\theta\bm e_\theta+u_z\bm e_z.,
M008,main.tex,104-107,eq:C0map,"Coordinate system, reference frame and governing equations",Physical setting and notation,DEFINE,Foundations,canonical,b7272870b71a7670,C_0(t)=-\frac{a(t)}{2}.,
M009,main.tex,137-140,,"Coordinate system, reference frame and governing equations",Integral conservation of mass,ASSUME_STANDARD,Foundations,canonical,7be43f8fcdde85e4,"\frac{\dd}{\dd t}\int_V\rho\,\dd V +\int_{\partial V}\rho\bm u\cdot\bm n\,\dd A=0.",Standard continuum-mechanics governing law; not a novel theorem of the paper.
M010,main.tex,142-145,eq:continuity_vector,"Coordinate system, reference frame and governing equations",Integral conservation of mass,ASSUME_STANDARD,Foundations,canonical,3b607b635b3ea7be,\nabla\cdot\bm u=0.,Standard continuum-mechanics governing law; not a novel theorem of the paper. Used as formal governing premise.
M011,main.tex,149-153,,"Coordinate system, reference frame and governing equations",Integral conservation of momentum,ASSUME_STANDARD,Foundations,canonical,d1d845884a3a0180,"\frac{\dd}{\dd t}\int_V\rho\bm u\,\dd V +\int_{\partial V}\rho\bm u(\bm u\cdot\bm n)\,\dd A =\int_{\partial V}\bm\sigma\bm n\,\dd A,",Standard continuum-mechanics governing law; not a novel theorem of the paper.
M012,main.tex,155-159,,"Coordinate system, reference frame and governing equations",Integral conservation of momentum,ASSUME_STANDARD,Foundations,canonical,b3dc2a4fda78e9de,"\bm\sigma=-p\bm I+2\mu\bm D, \qquad \bm D=\frac12\left[\nabla\bm u+(\nabla\bm u)^{\mathsf T}\right].",Standard continuum-mechanics governing law; not a novel theorem of the paper.
M013,main.tex,161-166,eq:NS_vector,"Coordinate system, reference frame and governing equations",Integral conservation of momentum,ASSUME_STANDARD,Foundations,canonical,02cc799e77458cbb,\frac{\partial\bm u}{\partial t} +(\bm u\cdot\nabla)\bm u =-\frac{1}{\rho}\nabla p+\nu\nabla^2\bm u.,Standard continuum-mechanics governing law; not a novel theorem of the paper. Used as formal governing premise.
M014,main.tex,171-175,eq:continuity_cyl,"Coordinate system, reference frame and governing equations",Axisymmetric equations,ASSUME_STANDARD,AxisymmetricNS,canonical,1189a8cfae7119f8,\frac1r\frac{\partial(ru_r)}{\partial r} +\frac{\partial u_z}{\partial z}=0.,Canonical scalar governing equations used as proof premises; cylindrical-coordinate derivation itself is out of scope.
M015,main.tex,177-187,eq:radial_NS,"Coordinate system, reference frame and governing equations",Axisymmetric equations,ASSUME_STANDARD,AxisymmetricNS,canonical,61ae3f5b9f46b0e9,\frac{\partial u_r}{\partial t} +u_r\frac{\partial u_r}{\partial r} +u_z\frac{\partial u_r}{\partial z} -\frac{u_\theta^2}{r} =&-\frac1\rho,Canonical scalar governing equations used as proof premises; cylindrical-coordinate derivation itself is out of scope.
M016,main.tex,189-198,eq:azimuthal_NS,"Coordinate system, reference frame and governing equations",Axisymmetric equations,ASSUME_STANDARD,AxisymmetricNS,canonical,426222433563abf3,\frac{\partial u_\theta}{\partial t} +u_r\frac{\partial u_\theta}{\partial r} +u_z\frac{\partial u_\theta}{\partial z} +\frac{u_ru_\theta}{r,Canonical scalar governing equations used as proof premises; cylindrical-coordinate derivation itself is out of scope.
M017,main.tex,200-207,eq:axial_NS,"Coordinate system, reference frame and governing equations",Axisymmetric equations,ASSUME_STANDARD,AxisymmetricNS,canonical,aba2aa9f48bd445b,\frac{\partial u_z}{\partial t} +u_r\frac{\partial u_z}{\partial r} +u_z\frac{\partial u_z}{\partial z} =-\frac1\rho\frac{\partial p}{\parti,Canonical scalar governing equations used as proof premises; cylindrical-coordinate derivation itself is out of scope.
M018,main.tex,211-213,,"Coordinate system, reference frame and governing equations",Natural domains,DEFINE,Domains,canonical,42cdfe3cac84fc7e,"\Omega_0=\{(r,\theta,z):r\ge0,\ 0\le\theta<2\pi,\ z\in\mathbb R\},",
M019,main.tex,215-217,,"Coordinate system, reference frame and governing equations",Natural domains,DEFINE,Domains,canonical,8e6f1d2a44feb9fc,"\Omega_q=\{(r,\theta,z):r>0,\ 0\le\theta<2\pi,\ z\in\mathbb R\}.",
M020,main.tex,234-237,eq:KK_dependencies,Construction of the Kiknadze--Krasnov velocity field,Meridional flow from incompressibility,DEFINE,Meridional,canonical,29684cbc591b507a,"u_r=u_r(r,t),\qquad u_z=u_z(z,t),\qquad u_\theta=u_\theta(r,t).",
M021,main.tex,239-241,,Construction of the Kiknadze--Krasnov velocity field,Meridional flow from incompressibility,PROVE,Meridional,canonical,b84923b002e675e3,\frac{\partial u_z}{\partial z}=a(t).,
M022,main.tex,243-246,eq:uz_KK,Construction of the Kiknadze--Krasnov velocity field,Meridional flow from incompressibility,PROVE,Meridional,canonical,d094e0933acbc143,u_z=a(t)z+b(t).,
M023,main.tex,248-250,,Construction of the Kiknadze--Krasnov velocity field,Meridional flow from incompressibility,PROVE,Meridional,canonical,09ba029b1ce58f06,"\frac1r\frac{\partial(ru_r)}{\partial r}=-a(t),",
M024,main.tex,252-254,,Construction of the Kiknadze--Krasnov velocity field,Meridional flow from incompressibility,PROVE,Meridional,canonical,a914d066dbd9d41e,"ru_r=-\frac{a(t)}2r^2+q(t),",
M025,main.tex,256-259,eq:ur_provisional,Construction of the Kiknadze--Krasnov velocity field,Meridional flow from incompressibility,PROVE,Meridional,canonical,2920395cc885b9a9,u_r=-\frac{a(t)}2r+\frac{q(t)}r.,
M026,main.tex,263-265,,Construction of the Kiknadze--Krasnov velocity field,Meridional flow from incompressibility,PROVE,Meridional,canonical,50613dfe1e9f6026,"Q_r=\int_0^{2\pi}\frac{q}{r}r\,\dd\theta=2\pi q,",
M027,main.tex,270-273,eq:Ldef,Construction of the Kiknadze--Krasnov velocity field,Angular-momentum equation,DEFINE,AngularMomentum,canonical,2ff404de482670d1,"L(r,t)=r u_\theta(r,t).",
M028,main.tex,275-280,eq:Ltransport,Construction of the Kiknadze--Krasnov velocity field,Angular-momentum equation,PROVE,AngularMomentum,canonical,44d8d20e1c681fa3,\frac{\partial L}{\partial t} +u_r\frac{\partial L}{\partial r} =\nu\left(\frac{\partial^2L}{\partial r^2}-\frac1r\frac{\partial L}{\partial, 
M029,main.tex,284-287,eq:xdef,Construction of the Kiknadze--Krasnov velocity field,Angular-momentum equation,DEFINE,AngularMomentum,canonical,8ef2a1487516e972,"x=\beta(t)r^2,",
M030,main.tex,289-293,,Construction of the Kiknadze--Krasnov velocity field,Angular-momentum equation,PROVE,AngularMomentum,canonical,24f5740cb65e936d,"L_t=\frac{\dot\beta}{\beta}xF',\qquad L_r=2\beta rF',\qquad L_{rr}-\frac1rL_r=4\beta xF''.",
M031,main.tex,295-299,eq:preseparation,Construction of the Kiknadze--Krasnov velocity field,Angular-momentum equation,PROVE,AngularMomentum,canonical,8895069a0d11268f,\left(\frac{\dot\beta}{\beta}-a\right)xF' +2\beta q(t)F'=4\nu\beta xF''.,
M032,main.tex,301-304,eq:beta_evolution,Construction of the Kiknadze--Krasnov velocity field,Angular-momentum equation,PROVE,AngularMomentum,canonical,f77a6e0d4640af95,"\dot\beta-a(t)\beta+4\nu\beta^2=0,",
M033,main.tex,306-308,,Construction of the Kiknadze--Krasnov velocity field,Angular-momentum equation,PROVE,AngularMomentum,canonical,e90a19a887bbd621,2\nu xF''+[2\nu x-q(t)]F'=0.,
M034,main.tex,310-313,eq:qconstant,Construction of the Kiknadze--Krasnov velocity field,Angular-momentum equation,PROVE,AngularMomentum,canonical,a92292baa38b9375,q(t)=q=\text{constant}.,Requires explicit non-trivial fixed-profile hypothesis.
M035,main.tex,315-318,eq:sdef,Construction of the Kiknadze--Krasnov velocity field,Angular-momentum equation,DEFINE,AngularMomentum,canonical,5bd1c7f37f27dab4,"\chi=\frac{q}{2\nu},\qquad s=1+\chi=1+\frac{q}{2\nu}.",
M036,main.tex,320-323,eq:Fode,Construction of the Kiknadze--Krasnov velocity field,Angular-momentum equation,PROVE,AngularMomentum,canonical,d17a6479e89a6b1c,xF''+(x-\chi)F'=0.,
M037,main.tex,327-329,,Construction of the Kiknadze--Krasnov velocity field,Incomplete-gamma swirl,PROVE,GammaProfile,canonical,f9acfafe6ad6dbb3,"\frac{G'}G=\frac{\chi}{x}-1,",
M038,main.tex,331-333,,Construction of the Kiknadze--Krasnov velocity field,Incomplete-gamma swirl,PROVE,GammaProfile,canonical,868ef953f321f6fb,G=Kx^\chi\e^{-x}.,
M039,main.tex,335-340,eq:F_upper_gamma,Construction of the Kiknadze--Krasnov velocity field,Incomplete-gamma swirl,PROVE,GammaProfile,canonical,9082d74c15ad6b34,"F(x)=K_0+K_1\Gamma(s,x), \qquad \Gamma(s,x)=\int_x^\infty \xi^{s-1}\e^{-\xi}\,\dd\xi,",
M040,main.tex,342-346,eq:Pdef,Construction of the Kiknadze--Krasnov velocity field,Incomplete-gamma swirl,PROVE,GammaProfile,canonical,4c6b8d50f88bb18c,"P(s,x)=\frac{\gamma(s,x)}{\Gamma(s)} =1-\frac{\Gamma(s,x)}{\Gamma(s)}.",
M041,main.tex,348-351,eq:single_distributed_swirl,Construction of the Kiknadze--Krasnov velocity field,Incomplete-gamma swirl,PROVE,GammaProfile,canonical,e40aeef20b52c584,"u_{\theta,i}(r,t)=\frac{\Gamma_i}{2\pi r}P\!\left(s,\beta_i(t)r^2\right).",
M042,main.tex,355-361,eq:multimode_swirl,Construction of the Kiknadze--Krasnov velocity field,Incomplete-gamma swirl,PROVE,GammaProfile,canonical,573947c4bae58dce,"u_\theta(r,t)=\frac{1}{2\pi r} \left[ \Gamma_\ell+\sum_{i=1}^N\Gamma_i P\!\left(s,\beta_i(t)r^2\right) \right],",
M043,main.tex,365-368,eq:Gamma_inf,Construction of the Kiknadze--Krasnov velocity field,Incomplete-gamma swirl,PROVE,GammaProfile,canonical,03da0ca2ba5696c1,\Gamma_\infty=\Gamma_\ell+\sum_{i=1}^N\Gamma_i.,
M044,main.tex,372-374,,Construction of the Kiknadze--Krasnov velocity field,Exact radial-scale evolution,DEFINE,ScaleDynamics,canonical,aa92987a2b427558,h_i=\beta_i^{-1}.,
M045,main.tex,376-379,eq:hlinear,Construction of the Kiknadze--Krasnov velocity field,Exact radial-scale evolution,PROVE,ScaleDynamics,canonical,5bfb9162dbc265b3,\dot h_i+a(t)h_i=4\nu.,
M046,main.tex,381-384,eq:Aacc,Construction of the Kiknadze--Krasnov velocity field,Exact radial-scale evolution,DEFINE,ScaleDynamics,canonical,94e898298373cda0,"\Aacc(t)=\int_0^t a(\tau)\,\dd\tau,",
M047,main.tex,386-393,eq:beta_inverse_exact,Construction of the Kiknadze--Krasnov velocity field,Exact radial-scale evolution,PROVE,ScaleDynamics,canonical,82ce7c6078c8d9c4,"\frac1{\beta_i(t)} =\e^{-\Aacc(t)} \left[ \frac1{\beta_{i0}}+4\nu\int_0^t\e^{\Aacc(\tau)}\,\dd\tau \right],",
M048,main.tex,395-399,eq:beta_exact,Construction of the Kiknadze--Krasnov velocity field,Exact radial-scale evolution,PROVE,ScaleDynamics,canonical,d7df028a672cbd61,"\beta_i(t)=\frac{\e^{\Aacc(t)}} {\beta_{i0}^{-1}+4\nu\displaystyle\int_0^t\e^{\Aacc(\tau)}\,\dd\tau}.",
M049,main.tex,401-406,eq:scale_separation,Construction of the Kiknadze--Krasnov velocity field,Exact radial-scale evolution,PROVE,ScaleDynamics,canonical,1c49e9a186176fdf,\beta_i^{-1}(t)-\beta_j^{-1}(t) =\e^{-\Aacc(t)} \left[\beta_{i0}^{-1}-\beta_{j0}^{-1}\right].,
M050,main.tex,414-416,,"Pressure field, initial conditions, boundaries and admissible flow classes",Radial and axial pressure gradients,PROVE,Pressure,canonical,467ca6585183ce4e,"u_r=-\frac{a}{2}r+\frac qr,",
