claim_id,source_action,entry_points,qualification
C001,ASSUME_STANDARD,,"Physical/model assumptions, not derived theorem."
C002,DEFINE_AND_CHECK,,Use separate Lean predicates regularDomain and puncturedDomain.
C003,PROVE,annularCylinderEnergy_no_finite_bound,Peripheral mathematical claim; proof by lower bound from linear spatial growth.
C004,PROVE,source_constant_of_fixed_nontrivial_profile,Must replace 'non-trivial' by an explicit witness/nonzero-derivative hypothesis.
C005,PROVE,multimodeAngularMomentum_time_hasDerivAt;multimodeAngularMomentum_radial_hasDerivAt;multimodeAngularMomentumRadialDerivative_hasDerivAt;multimodeAngularMomentum_operator_zero,Finite index set only.
C006,PROVE,inverseScaleExact_sub;inverseScaleExact_order_preserved,Follows from positive exponential factor.
C007,PROVE,radialVelocity_finite_axis_limit_forces_source_zero;multimodeSwirl_finite_axis_limit_forces_line_zero;multimodeSwirl_regular_cubic_remainder,Necessity should be stated with boundedness/vanishing hypotheses exactly.
C008,PROVE,lowerGamma_tendsto_zero_nhdsGT;regLowerGamma_tendsto_one,Requires incomplete-gamma limit theorems.
C009,ASSUME,,Canonical time-regularity and positivity hypotheses.
C010,PARTIAL,centralLineClassicalVorticity_zero,Prove the classical r>0 derivative statement; distributional interpretation is outside core scope unless distribution theory is introduced.
C011,PROVE,physicalRadialEvenMoment_eq;radialSquaredVariance_eq;regLowerGamma_quantile_exists;distributedCirculation_at_fractionRadius,Requires gamma-integral identities and positivity.
C012,PROVE,abs_distributedVorticity_lt_peak;distributedVorticity_lt_peak_of_circ_pos;distributedVorticity_peak_lt_of_circ_neg;vorticityShape_tendsto_atTop_nhdsGT,Source says 'maximum' without restricting sign of Gamma. Lean theorem will distinguish signed extremum from |omega| maximum.
C013,PROVE,oneModeSwirl_magnitude_maximum;scaledSwirlShape_tendsto_zero_axis;regLowerGamma_origin_ratio,Source wording 'positive interior maximum' needs Gamma>0 or |u_theta|; record both sign cases.
C014,PROVE,physicalMultimodeEnstrophy_eq;enstrophy_axis_power_integrable_iff;singleModeEnstrophy_hasDerivAt;enstrophy_kernel_integrable_iff,Prove convergence threshold and formula.
C015,PROVE_CORE,scaledMaterial_hasDerivAt;scaledMaterial_rate_pos_before_star;scaledMaterial_rate_neg_after_star;materialSurface_no_crossing_on,No-crossing is unconditional. Do not strengthen 'move toward' into asymptotic convergence unless integral(4nu beta)=∞ is separately assumed/proved.
C016,PROVE_CORE,materialRadiusSq_history_hasDerivAt;materialRadius_history_hasDerivAt,Requires beta>0 and s>1.
C017,PROVE_CORE,materialSurface_invariant_on;materialSurface_no_crossing_on,Canonical no-crossing invariant.
C018,PROVE_CORE,materialRadius_eq_vorticityPeakRadius;abs_distributedVorticity_lt_peak,"For arbitrary Gamma sign, certify peak of |omega| plus signed extremum classification."
C019,PROVE_CORE,materialCirculationFromX_hasDerivAt_viscousFlux;viscousCirculationFlux_zero_at_materialRadius;materialCirculation_at_star,Headline zero-flux theorem.
C020,PROVE_CORE,materialCirculationRate_pos_before_star_of_circ_pos;materialCirculationRate_neg_after_star_of_circ_pos;materialCirculationRate_neg_before_star_of_circ_neg;materialCirculationRate_pos_after_star_of_circ_neg;materialCirculation_at_star_hasDerivAt_zero_on,Need state sign orientation relative to sign(Gamma).
C021,EXCLUDE,,Explicit non-claim; do not formalize a stronger barrier theorem.
C022,PROVE,steady_materialRadiusSq_eq_stagnation,Stationary limit.
C023,PROVE,multimodeCirculationValue_equalScale;multimodeDistributedVorticity_equalScale;materialRadius_ne_of_beta_ne;twoMode_vorticity_gradient_nonzero_at_component_peak,Critical restriction: no theorem asserting a common total-field surface for distinct scales.
C024,PROVE,oseen_swirl_formula;oseen_vorticity_formula,Historical naming/attribution is not a proof obligation; formula equivalence is.
C025,PROVE,constantStrainScale_tendsto;burgers_swirl_formula;burgersScale_residual_zero,Prove limit and stationary substitution.
C026,PARTIAL,heatProfile_radial_hasDerivAt;heatProfile_radialDerivative_hasDerivAt;heatProfile_time_hasDerivAt;regularVorticityResidual_heatTransform;radialHeatResidual_finset_sum,Prove change-of-variables reduction and Gaussian closure. Treat cited kernel representation as external unless pass 6 requires its independent proof.
C027,PROVE,steady_materialRadius_eq_stagnationRadius;material_stagnation_balance_ratio,Requires a(t) nonzero where instantaneous stagnation radius is used.
C028,EXTERNAL_REFERENCE,,Explicitly tied to cited literature; not derived in source.
C029,PROVE,finiteModes_constantStrainScale_tendsto,Follows from exact inverse-scale formula.
C030,PROVE,finiteAccumulatedStrain_preserves_positive_scale;exact_concentration_diagnostic;concentration_requires_unbounded_accumulated_strain,Need precise terminal-limit formulation.
C031,NUMERICAL_OR_QUALITATIVE,,Only analytically certify what follows from stated hypotheses; 'phase-lagged' is figure interpretation.
C032,PROVE,singularBetaY_subcritical_tendsto_finite;beta_subcritical_ratio_tendsto_one;beta_critical_ratio_tendsto_one;beta_supercritical_ratio_tendsto_one;singularBetaY_supercritical_ratio;reciprocalBeta_noncritical_tendsto_atTop;reciprocalBeta_critical_tendsto_atTop;terminalY_tendsto_terminal,Use supplementary exact/asymptotic formulas; p>1 requires endpoint asymptotics.
C033,EXCLUDE,,Formalization must not be described as a Navier-Stokes Millennium-problem result.
C034,PROVE_CONDITIONAL,scalarRadialFlux_zero_iff;zero_vorticity_gradient_does_not_force_scalar_flux_zero,Simple flux-separation statement conditional on passive-scalar model; not part of core KK theorem.
C035,PROVE,finiteCirculation_shape_pos_iff;swirlAxisExponent_pos_iff;vorticityAxisExponent_nonneg_iff;enstrophy_axis_power_integrable_iff;annular_parameter_threshold;sink_shape_interval_iff;enstrophy_kernel_integrable_iff,Freeze these as separate theorem hypotheses.
C036,PROVE,multimodeDistributedVorticity_equalScale;materialRadius_ne_of_beta_ne;deriv_multimodeDistributedVorticity;twoMode_vorticity_gradient_nonzero_at_component_peak,Formal theorem should show equal-beta reduction; no universal distinct-scale material surface claim.
C037,PROVE,singularBetaY_subcritical_tendsto_finite;beta_subcritical_ratio_tendsto_one;beta_critical_ratio_tendsto_one;beta_supercritical_ratio_tendsto_one;singularBetaY_supercritical_ratio;singularInverseScale_time_hasDerivAt;reciprocalInverseScaleNoncritical_hasDerivAt;reciprocalInverseScaleCritical_hasDerivAt,High-analysis-risk part of complete formalization.
