claim_id,source,lines,section,claim,formal_action,target_bundle,pass1_note
C001,main.tex,92-103,II.A,"Homogeneous incompressible Newtonian fluid; rho>0, mu>0, nu=mu/rho>0; axisymmetry; p=p(r,z,t); no non-conservative body force.",ASSUME_STANDARD,Foundations,"Physical/model assumptions, not derived theorem."
C002,main.tex,209-221,II.E,"Regular-axis domain includes r=0 with smooth axisymmetry; source/sink/line-circulation cases use punctured r>0 domain.",DEFINE_AND_CHECK,Domains,"Use separate Lean predicates regularDomain and puncturedDomain."
C003,main.tex,228-229,II.E,"Non-zero linear KK strain gives divergent kinetic energy over R^3.",PROVE,Domains,"Peripheral mathematical claim; proof by lower bound from linear spatial growth."
C004,main.tex,301-312,III.B,"A fixed non-trivial radial profile forces q(t) to be constant.",PROVE,AngularMomentum,"Must replace 'non-trivial' by an explicit witness/nonzero-derivative hypothesis."
C005,main.tex,352-363,III.C,"Finite superpositions with common s and imposed a(t) remain exact because the angular-momentum equation is linear.",PROVE,Multimode,"Finite index set only."
C006,main.tex,401-408,III.D,"Ordering of inverse squared scales is preserved and their separation is controlled by accumulated strain.",PROVE,ScaleDynamics,"Follows from positive exponential factor."
C007,main.tex,473-495,IV.C,"Axis regularity forces q=0 and Gamma_l=0; then s=1 and distributed swirl is Gaussian/regular with u_theta=O(r).",PROVE,Domains,"Necessity should be stated with boundedness/vanishing hypotheses exactly."
C008,main.tex,497-510,IV.D,"Finite-circulation regularised-gamma interpretation is restricted to s>0; P(s,0)=0 and P(s,∞)=1.",PROVE,ParameterDomain,"Requires incomplete-gamma limit theorems."
C009,main.tex,511-534,IV.E,"beta_i0>0; q and circulation coefficients constant; a,b prescribed; a,b are C1 on compact subintervals of [0,T).",ASSUME,Foundations,"Canonical time-regularity and positivity hypotheses."
C010,main.tex,586-609,V.B,"Line circulation has zero classical vorticity for r>0; distributionally it is concentrated on the excluded axis.",PARTIAL,Vorticity,"Prove the classical r>0 derivative statement; distributional interpretation is outside core scope unless distribution theory is introduced."
C011,main.tex,624-656,V.C,"Distributed circulation is a gamma density in x=beta r^2; moments, rms radius and quantile radii follow.",PROVE,GammaMoments,"Requires gamma-integral identities and positivity."
C012,main.tex,666-686,V.D,"For s>1 the annular profile has an extremum at x=s-1; magnitude formula; bounded-vorticity threshold s>=1.",PROVE,Extrema,"Source says 'maximum' without restricting sign of Gamma. Lean theorem will distinguish signed extremum from |omega| maximum."
C013,main.tex,687-704,V.D,"For s>1/2 swirl has an interior extremum satisfying 2 x^s e^-x=gamma(s,x); axis behaviour changes at s=1/2.",PROVE,Extrema,"Source wording 'positive interior maximum' needs Gamma>0 or |u_theta|; record both sign cases."
C014,main.tex,706-730,V.E,"Single/multimode enstrophy formulas hold for s>1/2; single-mode derivative is [a-4nu beta]Z.",PROVE,Enstrophy,"Prove convergence threshold and formula."
C015,main.tex,755-789,VI.A,"x*=s-1 is invariant for s>1; trajectories do not cross it and move toward it in scaled radius.",PROVE_CORE,MaterialSurface,"No-crossing is unconditional. Do not strengthen 'move toward' into asymptotic convergence unless integral(4nu beta)=∞ is separately assumed/proved."
C016,main.tex,790-807,VI.A,"rStar^2=(s-1)/beta follows the physical radial particle law; drStar/dt=u_r(rStar,t).",PROVE_CORE,MaterialSurface,"Requires beta>0 and s>1."
C017,main.tex,809-818,VI.A,"exp(A(t))[r^2-(s-1)/beta] is constant; inside/outside sign is preserved.",PROVE_CORE,MaterialSurface,"Canonical no-crossing invariant."
C018,main.tex,820-840,VI.B,"Material radius coincides with peak-vorticity radius for a single distributed component.",PROVE_CORE,MaterialSurface,"For arbitrary Gamma sign, certify peak of |omega| plus signed extremum classification."
C019,main.tex,842-888,VI.C,"Material-loop circulation satisfies dGamma_m/dt=2pi nu R d_R omega_z and vanishes at rStar; enclosed circulation is Gamma P(s,s-1).",PROVE_CORE,MaterialSurface,"Headline zero-flux theorem."
C020,main.tex,889-920,VI.C,"For fixed nonzero circulation sign, circulation-transfer sign changes across x=s-1; material partition has conserved enclosed circulation independent of strain history and beta0.",PROVE_CORE,MaterialSurface,"Need state sign orientation relative to sign(Gamma)."
C021,main.tex,923-925,VI.D,"No claim of equivalence to a variational active transport barrier is made.",EXCLUDE,Scope,"Explicit non-claim; do not formalize a stronger barrier theorem."
C022,main.tex,926-933,VI.E,"Constant positive strain gives rStar^2=2q/a, the steady stagnation radius.",PROVE,ClassicalLimits,"Stationary limit."
C023,main.tex,926-933,VI.E,"For multimode fields, componentwise identities hold; a common total-field material zero-flux surface is established only for single mode or equal beta_i; distinct scales require separate calculation.",PROVE,Multimode,"Critical restriction: no theorem asserting a common total-field surface for distinct scales."
C024,main.tex,962-977,VII.A,"q=0,a=0,N=1 regular branch reduces algebraically to Lamb-Oseen at effective age t+t0.",PROVE,ClassicalLimits,"Historical naming/attribution is not a proof obligation; formula equivalence is."
C025,main.tex,978-995,VII.B,"Constant a0>0 regular single mode converges to beta=a0/(4nu) and Burgers swirl.",PROVE,ClassicalLimits,"Prove limit and stationary substitution."
C026,main.tex,996-1023,VII.C,"q=0 transformation reduces vorticity equation to radial heat equation; the displayed Bessel kernel is the known Kambe solution; Gaussian sums remain Gaussian sums.",PARTIAL,ClassicalLimits,"Prove change-of-variables reduction and Gaussian closure. Treat cited kernel representation as external unless pass 6 requires its independent proof."
C027,main.tex,1024-1058,VII.D,"Steady source-strain peak radius equals stagnation radius; time-dependent balance ratio B_i=a/(4nu beta_i).",PROVE,ClassicalLimits,"Requires a(t) nonzero where instantaneous stagnation radius is used."
C028,main.tex,1056-1058,VII.D,"Large-source local structure approaches the Burgers vortex layer.",EXTERNAL_REFERENCE,ClassicalLimits,"Explicitly tied to cited literature; not derived in source."
C029,main.tex,1059-1064,VII.E,"Under constant positive strain all positive beta_i converge to a0/(4nu).",PROVE,ClassicalLimits,"Follows from exact inverse-scale formula."
C030,main.tex,1069-1108,VIII.A,"Absolute integrability of a on finite [0,T] preserves 0<beta(T-)<∞; concentration iff explicit h-expression tends to zero; unbounded accumulated positive stretching is necessary.",PROVE,FiniteTimeScale,"Need precise terminal-limit formulation."
C031,main.tex,1110-1134,VIII.B,"Regular bounded example histories remain finite; positive-mean periodic example is bounded and phase-lagged.",NUMERICAL_OR_QUALITATIVE,FiniteTimeScale,"Only analytically certify what follows from stated hypotheses; 'phase-lagged' is figure interpretation."
C032,main.tex,1135-1167,VIII.C,"For a=lambda/T(1-t/T)^(-p): p<1 no collapse; p=1 collapse for all lambda>0 with three subregimes; p>1 beta~a/(4nu).",PROVE,FiniteTimeAsymptotics,"Use supplementary exact/asymptotic formulas; p>1 requires endpoint asymptotics."
C033,main.tex,1168-1173,VIII.D,"Finite-time concentration result is restricted to KK family and does not address finite-energy whole-space Navier-Stokes regularity.",EXCLUDE,Scope,"Formalization must not be described as a Navier-Stokes Millennium-problem result."
C034,main.tex,1241-1250,IX,"For passive scalar, zero scalar flux at material cylinder requires d_r phi=0; zero vorticity gradient constrains circulation transfer only.",PROVE_CONDITIONAL,Applications,"Simple flux-separation statement conditional on passive-scalar model; not part of core KK theorem."
C035,supplementary_material.tex,191-219,S4,"Parameter thresholds s>0, s>1/2, s>=1, s=1, s>1, 0<s<1 are distinct and must not be interchanged.",PROVE,ParameterDomain,"Freeze these as separate theorem hypotheses."
C036,supplementary_material.tex,221-235,S5,"Distinct-scale multimode total-vorticity zero need not occur at any component rStar; equal scales collapse to one common radial profile.",PROVE,Multimode,"Formal theorem should show equal-beta reduction; no universal distinct-scale material surface claim."
C037,supplementary_material.tex,237-293,S6,"Detailed p<1, p=1(lambda<1,=1,>1), p>1 terminal asymptotics for beta.",PROVE,FiniteTimeAsymptotics,"High-analysis-risk part of complete formalization."
